-- phpMyAdmin SQL Dump
-- version 3.5.1
-- http://www.phpmyadmin.net
--
-- Хост: 127.0.0.1
-- Время создания: Янв 04 2018 г., 03:07
-- Версия сервера: 5.5.25
-- Версия PHP: 5.3.13

SET SQL_MODE="NO_AUTO_VALUE_ON_ZERO";
SET time_zone = "+00:00";


/*!40101 SET @OLD_CHARACTER_SET_CLIENT=@@CHARACTER_SET_CLIENT */;
/*!40101 SET @OLD_CHARACTER_SET_RESULTS=@@CHARACTER_SET_RESULTS */;
/*!40101 SET @OLD_COLLATION_CONNECTION=@@COLLATION_CONNECTION */;
/*!40101 SET NAMES utf8 */;

--
-- База данных: `rdknikpe_rdk`
--

-- --------------------------------------------------------

--
-- Структура таблицы `bron`
--

CREATE TABLE IF NOT EXISTS `bron` (
  `id` int(11) NOT NULL AUTO_INCREMENT,
  `identificator` varchar(6) DEFAULT NULL,
  `datavremya` timestamp NOT NULL DEFAULT CURRENT_TIMESTAMP,
  `ses_id` int(11) DEFAULT NULL,
  `name` varchar(100) NOT NULL,
  `mail` varchar(100) NOT NULL,
  `place` varchar(6) NOT NULL,
  `oplacheno` int(1) DEFAULT NULL,
  `film_id` int(11) DEFAULT NULL,
  PRIMARY KEY (`id`),
  KEY `bron_ibfk_1` (`ses_id`)
) ENGINE=InnoDB  DEFAULT CHARSET=utf8 AUTO_INCREMENT=326 ;

--
-- Дамп данных таблицы `bron`
--

INSERT INTO `bron` (`id`, `identificator`, `datavremya`, `ses_id`, `name`, `mail`, `place`, `oplacheno`, `film_id`) VALUES
(288, '515374', '2017-11-15 17:46:31', 509, '1231231', '123@mail.ru', 'r01m03', NULL, 109),
(289, '515374', '2017-11-15 17:46:31', 509, '1231231', '123@mail.ru', 'r02m08', NULL, 109),
(290, '515374', '2017-11-15 17:46:31', 509, '1231231', '123@mail.ru', 'r04m12', NULL, 109),
(291, '515374', '2017-11-15 17:46:31', 509, '1231231', '123@mail.ru', 'r05m08', NULL, 109),
(292, '515374', '2017-11-15 17:46:31', 509, '1231231', '123@mail.ru', 'r05m23', NULL, 109),
(293, '515374', '2017-11-15 17:46:31', 509, '1231231', '123@mail.ru', 'r07m04', NULL, 109),
(294, '515374', '2017-11-15 17:46:31', 509, '1231231', '123@mail.ru', 'r11m06', NULL, 109),
(295, '515374', '2017-11-15 17:46:31', 509, '1231231', '123@mail.ru', 'r11m16', NULL, 109),
(296, '515374', '2017-11-15 17:46:31', 509, '1231231', '123@mail.ru', 'r13m23', NULL, 109),
(297, '515374', '2017-11-15 17:46:31', 509, '1231231', '123@mail.ru', 'r17m23', NULL, 109),
(298, '635006', '2017-11-15 17:47:25', 509, '1231231', '123@mail.ru', 'r08m14', NULL, 109),
(299, '635006', '2017-11-15 17:47:26', 509, '1231231', '123@mail.ru', 'r08m15', NULL, 109),
(300, '635006', '2017-11-15 17:47:26', 509, '1231231', '123@mail.ru', 'r08m16', NULL, 109),
(301, '635006', '2017-11-15 17:47:26', 509, '1231231', '123@mail.ru', 'r08m17', NULL, 109),
(302, '330962', '2017-11-15 17:47:49', 507, '1231231', '123@mail.ru', 'r07m11', NULL, 121),
(303, '330962', '2017-11-15 17:47:49', 507, '1231231', '123@mail.ru', 'r07m12', NULL, 121),
(304, '330962', '2017-11-15 17:47:49', 507, '1231231', '123@mail.ru', 'r07m13', NULL, 121),
(305, '330962', '2017-11-15 17:47:49', 507, '1231231', '123@mail.ru', 'r07m15', NULL, 121),
(306, '330962', '2017-11-15 17:47:49', 507, '1231231', '123@mail.ru', 'r08m13', NULL, 121),
(307, '330962', '2017-11-15 17:47:49', 507, '1231231', '123@mail.ru', 'r08m15', NULL, 121),
(308, '330962', '2017-11-15 17:47:49', 507, '1231231', '123@mail.ru', 'r09m11', NULL, 121),
(309, '330962', '2017-11-15 17:47:49', 507, '1231231', '123@mail.ru', 'r09m12', NULL, 121),
(310, '330962', '2017-11-15 17:47:49', 507, '1231231', '123@mail.ru', 'r09m13', NULL, 121),
(311, '330962', '2017-11-15 17:47:49', 507, '1231231', '123@mail.ru', 'r09m14', NULL, 121),
(312, '330962', '2017-11-15 17:47:49', 507, '1231231', '123@mail.ru', 'r09m15', NULL, 121),
(313, '330962', '2017-11-15 17:47:49', 507, '1231231', '123@mail.ru', 'r10m11', NULL, 121),
(314, '330962', '2017-11-15 17:47:49', 507, '1231231', '123@mail.ru', 'r10m13', NULL, 121),
(315, '330962', '2017-11-15 17:47:49', 507, '1231231', '123@mail.ru', 'r11m10', NULL, 121),
(316, '330962', '2017-11-15 17:47:49', 507, '1231231', '123@mail.ru', 'r11m12', NULL, 121),
(317, '330962', '2017-11-15 17:47:49', 507, '1231231', '123@mail.ru', 'r11m13', NULL, 121),
(318, '330962', '2017-11-15 17:47:49', 507, '1231231', '123@mail.ru', 'r11m14', NULL, 121),
(319, '328685', '2017-11-15 17:50:26', 507, '1231231', '123@mail.ru', 'r05m19', NULL, 121),
(320, '204393', '2017-11-15 17:50:41', 507, '1231231', '123@mail.ru', 'r01m01', NULL, 121),
(321, '987419', '2017-11-15 17:51:04', 507, '1231231', '123@mail.ru', 'r19m19', NULL, 121),
(322, '996774', '2018-01-03 23:05:49', 807, 'fxjhsfdh', 'sdfgasdg@sdfgs.dsgf', 'r14m15', NULL, 132),
(323, '996774', '2018-01-03 23:05:49', 807, 'fxjhsfdh', 'sdfgasdg@sdfgs.dsgf', 'r14m18', NULL, 132),
(324, '996774', '2018-01-03 23:05:49', 807, 'fxjhsfdh', 'sdfgasdg@sdfgs.dsgf', 'r16m16', NULL, 132),
(325, '996774', '2018-01-03 23:05:49', 807, 'fxjhsfdh', 'sdfgasdg@sdfgs.dsgf', 'r18m11', NULL, 132);

-- --------------------------------------------------------

--
-- Структура таблицы `comments`
--

CREATE TABLE IF NOT EXISTS `comments` (
  `id` int(11) NOT NULL AUTO_INCREMENT,
  `name` varchar(255) DEFAULT NULL,
  `comment` varchar(511) DEFAULT NULL,
  `otvet` varchar(511) DEFAULT NULL,
  `ok` int(11) DEFAULT '0',
  PRIMARY KEY (`id`)
) ENGINE=InnoDB  DEFAULT CHARSET=utf8 AUTO_INCREMENT=143 ;

--
-- Дамп данных таблицы `comments`
--

INSERT INTO `comments` (`id`, `name`, `comment`, `otvet`, `ok`) VALUES
(3, 'Алина', 'Почему у вас в зале так холодно?', 'Добрый вечер, Алина отвечаем на Ваш вопрос: Температура в зале соответствует нормам санитарно-эпидемиологическго надзора (18 градусов). В данный момент для комфорта посетителей температура в зале увеличена.', 1),
(4, 'Евгения К.', 'Хочу высказать свое мнение о вашем кинотеатре, была в гостях у родственников. Я, конечно, не ожидала, что в вашем поселке есть такое место где можно отлично провести время,  очень все понравилось, чистенько, приветливо, цены конечно.. смешные!(что очень хорошо), если бы я жила у вас то обязательно стала частым клиентом вашего кинотеатра. Есть конечно к чему стремиться, поэтому желаю вам только удачи и побед! ', 'Большое спасибо. Будем рады видеть Вас в нашем кинозале еще раз!', 1),
(7, 'Дмитрий', 'Хочу высказать своё мнение о нашем кинотеатре . Вообще даже не ожидал что он у нас появиться, но так все хорошо. Качество, звук,градусная температура , отлично просто. \r\n', 'Дмитрий, большое спасибо за Ваш отзыв', 1),
(8, 'Анна', 'Почему изменилось время? В рдк висит одно расписание! А здесь другое! ', 'Анна, расписание одинаковое, на сайте расписание заполняется на 1-2 дня вперед, а в ДК расписание висит на целую неделю, будьте пожалуйста внимательней', 1),
(11, 'Елена', 'Здравствуйте. была сегодня в кино. все понравилось. за исключением шуршания пакетиками от чипсов и сухариков другими  посетителями (ну видно традиция такая как только за просмотр и хочется покушать). И маленькая просьба, если это возможно, то в афише добавить еще один столбик с продолжительностью сеансов. Немного была введена в заблуждение продолжительностью сеанса Викинг, в анонсе на 14-15 января указано час с небольшим, а на самом деле 2 часа. Спасибо за приятный просмотр. ', 'Здравствуйте. Елена, обязательно учтём Ваше пожелание. Будем рады видеть Вас снова в нашем кинозале!', 1),
(12, 'Надежда', 'Здравствуйте,планируется ли открытие кинобара?было бы очень удобно', 'Здравствуйте, нет', 1),
(13, 'Александр', 'Как узнать какие новинки выйдут и когда? раздел "скоро в кино" не понятно как работает.фильм ХХХ например уже должен неделю идти а его всё нет и нет... ждем....', 'Здравствуйте, Александр, о новинках Вы можете узнать в разделе "Скоро в кино". Фильм  "Три икса: Мировое господство" в нашем кинозале стартует со 2 февраля.  <br><span class="bold">Пометка разработчика:</span> Добавлено отображение даты начала проката', 1),
(14, 'Юлия ', 'Здравствуйте! Когда будет фильм притяжение ?', '', 2),
(15, 'Юлия ', 'Здравствуйте! Когда будет фильм притяжение ?', '', 2),
(16, 'Александр', 'В Кинозале есть буфет, где можно купить попкорн газировку???', '', 2),
(17, 'Александр', 'На сайте есть возможность просмотра продолжительности фильма? по крайней мере она нужна в расписании.и сделайте ссылки на описание фильма в расписании самом.как правило всем достаточно одного расписания чтобы узнать обо всем.а ссылку сделать на главную с описанием этого фильма не так сложно,синим цветом подсвечена будет в итоге.очень удобно станет.', '', 2),
(18, 'генадий', 'Почему у нас не показывают притяжение?', '', 2),
(19, 'Саша', 'планируется ли показ в кинозале фильма "Притяжение"', 'Здравствуйте, Александр. Показ фильма "Притяжение" к сожалению не планировался в нашем кинозале', 1),
(20, 'Вероника', 'А будут у нас  в кинотеатре показывать мульт Балерина?', 'Здравствуйте, Нет ', 1),
(21, 'Вероника', 'А будут у нас  в кинотеатре показывать мульт Балерина?', '', 2),
(22, 'Александр', 'как узнать окончание фильма? 2 недели или сколько в кино новинка?', '', 2),
(23, 'Александр', 'ночь кино будет? абонемент на месяц?', 'Здравствуйте, ночь кино пока не планировалась. Абонементы у нас не предоставляются.', 1),
(24, 'Александр', 'Дата окончания транслирования от чего зависит?', '', 2),
(25, 'Юлия', 'Здравствуйте, фильм ЗВОНКИ уже в кино, почему у нас его не показывают? ', 'Здравствуйте, фильм "Звонки" не планировался в нашем кинотеатре', 1),
(26, 'Яна С.', 'В вашем кинозале есть буфет с попкорном и безалкогольными напитками???', 'Добрый день. В нашем учреждении нет кинобара', 1),
(27, 'Даша. ', 'Будет в кинозале фильм "Большой"??', '', 2),
(28, 'Даша. ', 'Будет в кинозале фильм "Большой"??', '', 2),
(29, 'Полина', 'Добрый день! А в осенне-зимнее время кинозал отапливается?', 'Да, как только начинается отопительный сезон. ', 1),
(30, 'Полина', 'Добрый день! А в осенне-зимнее время кинозал отапливается?', '', 2),
(31, '', '', '', 2),
(32, 'Катерина', 'А фильм Гоголь у вас будет?', 'Здравствуйте Екатерина! Да, фильм будет доступен в 2х возрастных категориях 16+ и 18+', 1),
(33, 'Катерина', 'А фильм Гоголь у вас будет?', '', 2),
(142, 'Александр', 'Добрый вечер, Алина отвечаем на Ваш вопрос: Температура в зале соответствует нормам санитарно-эпидемиологическго надзора (18 градусов). В данный момент для комфорта посетителей температура в зале увеличена.\r\n', '', 2);

-- --------------------------------------------------------

--
-- Структура таблицы `current_films`
--

CREATE TABLE IF NOT EXISTS `current_films` (
  `id` int(11) NOT NULL AUTO_INCREMENT,
  `name` varchar(255) NOT NULL,
  `vertical_img` varchar(255) NOT NULL,
  `horizontal_img` varchar(255) NOT NULL,
  `description` varchar(1023) NOT NULL,
  `nachalo` date DEFAULT NULL,
  `konec` date DEFAULT NULL,
  `zhanr` varchar(127) DEFAULT NULL,
  PRIMARY KEY (`id`)
) ENGINE=InnoDB  DEFAULT CHARSET=utf8 AUTO_INCREMENT=139 ;

--
-- Дамп данных таблицы `current_films`
--

INSERT INTO `current_films` (`id`, `name`, `vertical_img`, `horizontal_img`, `description`, `nachalo`, `konec`, `zhanr`) VALUES
(131, 'Ёлки новые ', '123456.jpg', '1234567.jpg', 'В декабре 2017 будет жарко! Дружба Жени и Бори едва не сгорит в огне семейного скандала; глубоко беременная Снегурочка отправится в Одиссею по нижегородским семьям; отчаянная Галя из Новосибирска пойдет на все, чтобы провести ночь с любимым врачом; экстремальный поход в лес за елкой станет проверкой на прочность для юного хипстера из Тюмени и его потенциального отчима. Новые и хорошо знакомые герои «Ёлок» влюбляются, ссорятся и мирятся, совершают геройские поступки и попадают впросак, лишь бы найти на Новый год настоящую родственную душу, как один смелый мальчик из Хабаровска, сбежавший в поисках новой мамы в Москву. И помочь им может только чудо… или вся страна!', '2017-12-21', '2018-01-10', 'Комедия'),
(132, 'Движение вверх', '12345678.jpg', 'xw_1395446.jpg', '\nЕсть победы, которые меняют ход истории. Победы духа, победы страны, победы всего мира. Таким триумфом стали легендарные «три секунды» — выигрыш сборной СССР по баскетболу на роковой мюнхенской Олимпиаде 1972г. Впервые за 36 лет была повержена «непобедимая» команда США. Никто даже помыслить не мог о том, что это возможно — обыграть великолепных непогрешимых американцев на Олимпийских играх! Никто, кроме советских баскетболистов (русских и грузин, украинцев и казахов, белорусов и литовцев).\nКогда проигрыш означал поражение страны, когда нужно было выходить и бороться в раскаленной обстановке из-за произошедшего теракта, великий тренер сборной СССР был готов на все, лишь бы помочь своим подопечным разбить американский миф о непотопляемой команде мечты. Ведь он знал, что создал самую сильную сборную на планете, и в начале заставил поверить в это своих игроков, а затем весь мир.', '2017-12-28', '2018-01-17', 'Драма'),
(133, 'Звёздные войны: Последние джедаи', 'starwars8_7.jpg', 'starwars-650x276.jpg', 'Новая история о противостоянии света и тьмы, добра и зла начинается после гибели Хана Соло. В Галактике, где Первый Орден и Сопротивление яростно сражаются друг с другом в войне, героиня Рей пробудила в себе Силу. Но что произойдет, когда она встретится с единственным оставшимся в живых рыцарем-джедаем — Люком Скайуокером?\n\nКайло Рен перешел на Темную сторону Силы и убил собственного отца, заняв высокую позицию в Первом Ордене. Но куда приведут его неуемные амбиции, подаренные по наследству грозным дедом Дартом Вейдером? Ситуация обострится еще больше, когда мать Кайло, лидер Сопротивления Лея, вместе с По, Финном и BB-8 приступит к новой миссии.', '2017-12-21', '2018-01-03', 'Фантастика'),
(134, 'Джуманджи: Зов джунглей', 'images23.jpg', 'maxresdefault (2).jpg', 'Четверо подростков оказываются внутри игры «Джуманджи». Их ждет схватка с носорогами, черными мамбами, а на каждом шагу будет подстерегать бесконечная череда ловушек и головоломок. Чтобы пройти игру и остаться в живых, им придется перевоплотиться в персонажей игры: робкий и застенчивый Спенсер превращается в отважного и сильного исследователя, здоровяк Фридж — в коротышку, модница и красавица Беттани — в профессора, а неуклюжая и нескладная Марта становится бесстрашной и ловкой амазонкой. Друзьям придется привыкнуть к совершенно новым и таким непривычным для себя ролям и найти дорогу домой.', '2017-12-28', '2017-12-10', 'Фэнтези'),
(135, 'Три богатыря и принцесса Египта', '1038154.jpg', 'maxresdefault (3).jpg', 'В новогоднюю ночь, в то время, как Князь готовится произнести торжественную речь, а Юлий распаковывает подарки и следит за приготовлением праздничного стола, богатыри едут в гости к Алеше, и встречают там странного товарища по имени Дурило. Оказывается, это тринадцатый месяц, который никому особенно не нужен, и который пытается осуществить свое заветное желание — стать самым главным месяцем в году. Только и надо ему, что притвориться Дедом Морозом, показать доверчивому Алеше пару фокусов, подружиться с богатырями и оказаться в Египте — стране фараонов и древних пирамид. А дальше — пирамиды, заклинание, Древний огонь — и дело в шляпе! Но не так-то просто осуществить свое коварное желание, когда на пути у тебя встают не только три богатыри, но и их жены, Князь и Юлий, Змей Горыныч и Дед Мороз и даже — сама принцесса Нефертити!', '2017-12-28', '2018-01-17', 'Мультфильм'),
(136, 'Санта и компания ', '124.jpg', '34363607-1012274.jpg', 'Прямо перед самым Рождеством 92 000 эльфов, ответственных за изготовление новогодних подарков для малышей, сражает неведомый недуг! Санте ничего не остается, как запрячь своих летающих оленей и поспешить на Землю за лекарством, чтобы вылечить милых помощников и спасти чудесный праздник. Одна проблема — никто не признает в н​ем самого главного в мире волшебника…', '2017-12-14', '2017-12-27', 'Комедия'),
(137, 'Чудо-юдо', '905039.jpg', 'chudo-1.jpg', 'Необыкновенная сказочная история о том, как Царевич Иван отправляется сразиться с драконом Чудо-Юдо. А злодей оказывается вовсе не грозным трехглавым чудищем, а маленьким дракончиком вдвое меньше Ивана с одной единственной головой. Вместо того, чтобы повергнуть его, Царевич спасает Чудо-Юдо и берет себе в помощники для спасения пропавшей Царевны Варвары. На пути их ждут самые неожиданные приключения и испытания, но Иван и не догадывается, что Чудо-Юдо совсем не тот, за кого себя выдает.', '2018-01-01', '2018-01-17', 'Мультфильм');

-- --------------------------------------------------------

--
-- Структура таблицы `sessions`
--

CREATE TABLE IF NOT EXISTS `sessions` (
  `id` int(11) NOT NULL AUTO_INCREMENT,
  `vremya` time DEFAULT NULL,
  `data` date DEFAULT NULL,
  `cena` int(11) DEFAULT NULL,
  `space` char(2) DEFAULT NULL,
  `film_id` int(11) DEFAULT NULL,
  PRIMARY KEY (`id`),
  KEY `film_id` (`film_id`)
) ENGINE=InnoDB  DEFAULT CHARSET=utf8 AUTO_INCREMENT=825 ;

--
-- Дамп данных таблицы `sessions`
--

INSERT INTO `sessions` (`id`, `vremya`, `data`, `cena`, `space`, `film_id`) VALUES
(701, '11:00:00', '2017-12-14', 140, '2D', 136),
(702, '19:30:00', '2017-12-14', 150, '2D', 136),
(704, '10:00:00', '2017-12-15', 130, '2D', 136),
(705, '20:00:00', '2017-12-15', 130, '2D', 136),
(706, '12:00:00', '2017-12-16', 130, '2D', 136),
(707, '12:00:00', '2017-12-17', 130, '2D', 136),
(708, '18:10:00', '2017-12-17', 130, '2D', 136),
(709, '18:10:00', '2017-12-16', 130, '2D', 136),
(711, '17:20:00', '2017-12-21', 140, '3D', 133),
(713, '11:45:00', '2017-12-22', 130, '2D', 136),
(714, '13:25:00', '2017-12-22', 120, '2D', 131),
(719, '14:00:00', '2017-12-23', 130, '2D', 136),
(722, '15:40:00', '2017-12-23', 130, '2D', 131),
(723, '17:20:00', '2017-12-23', 140, '3D', 133),
(726, '20:20:00', '2017-12-22', 140, '3D', 133),
(727, '20:00:00', '2017-12-23', 130, '2D', 131),
(728, '14:00:00', '2017-12-24', 130, '2D', 136),
(729, '15:40:00', '2017-12-24', 130, '2D', 131),
(730, '17:20:00', '2017-12-24', 140, '3D', 133),
(732, '20:00:00', '2017-12-24', 130, '2D', 131),
(733, '14:00:00', '2017-12-25', 130, '2D', 136),
(734, '15:40:00', '2017-12-25', 120, '2D', 131),
(735, '17:20:00', '2017-12-25', 140, '3D', 133),
(736, '20:00:00', '2017-12-25', 120, '2D', 131),
(737, '14:10:00', '2017-12-26', 130, '2D', 136),
(738, '15:50:00', '2017-12-26', 120, '2D', 131),
(739, '17:30:00', '2017-12-26', 140, '3D', 133),
(740, '20:10:00', '2017-12-26', 120, '2D', 131),
(741, '11:30:00', '2017-12-27', 130, '2D', 136),
(742, '16:00:00', '2017-12-27', 120, '2D', 131),
(743, '17:40:00', '2017-12-27', 140, '3D', 133),
(744, '20:20:00', '2017-12-27', 120, '2D', 131),
(745, '08:30:00', '2017-12-28', 120, '2D', 135),
(748, '15:50:00', '2017-12-28', 120, '2D', 135),
(749, '17:10:00', '2017-12-28', 140, '3D', 134),
(750, '19:20:00', '2017-12-28', 120, '2D', 131),
(751, '21:00:00', '2017-12-28', 140, '2D', 132),
(752, '08:30:00', '2017-12-29', 120, '2D', 135),
(753, '09:50:00', '2017-12-29', 120, '2D', 131),
(754, '11:20:00', '2017-12-29', 140, '2D', 132),
(755, '13:40:00', '2017-12-29', 120, '2D', 135),
(757, '20:00:00', '2017-12-29', 120, '2D', 131),
(758, '21:30:00', '2017-12-29', 140, '2D', 132),
(759, '15:00:00', '2017-12-29', 140, '3D', 134),
(760, '09:50:00', '2017-12-28', 120, '2D', 131),
(761, '11:20:00', '2017-12-28', 140, '2D', 132),
(762, '09:00:00', '2017-12-30', 130, '2D', 135),
(763, '10:20:00', '2017-12-30', 130, '2D', 131),
(764, '11:50:00', '2017-12-30', 150, '2D', 132),
(765, '14:10:00', '2017-12-30', 130, '2D', 135),
(766, '15:30:00', '2017-12-30', 150, '3D', 134),
(767, '17:40:00', '2017-12-30', 130, '2D', 131),
(768, '19:10:00', '2017-12-30', 150, '2D', 132),
(769, '21:30:00', '2017-12-30', 150, '3D', 133),
(770, '09:00:00', '2017-12-31', 130, '2D', 135),
(771, '10:20:00', '2017-12-31', 130, '2D', 131),
(772, '11:50:00', '2017-12-31', 150, '2D', 132),
(773, '14:10:00', '2017-12-31', 130, '2D', 135),
(774, '15:30:00', '2017-12-31', 150, '3D', 134),
(775, '17:40:00', '2017-12-31', 130, '2D', 131),
(776, '19:10:00', '2017-12-31', 150, '2D', 132),
(777, '10:00:00', '2018-01-01', 130, '2D', 131),
(779, '11:30:00', '2018-01-01', 150, '2D', 132),
(780, '13:50:00', '2018-01-01', 130, '2D', 135),
(781, '15:10:00', '2018-01-01', 130, '2D', 131),
(782, '16:40:00', '2018-01-01', 150, '3D', 134),
(783, '18:50:00', '2018-01-01', 220, '2D', 135),
(784, '20:10:00', '2018-01-01', 150, '2D', 132),
(785, '22:30:00', '2018-01-01', 150, '3D', 133),
(786, '10:00:00', '2018-01-02', 130, '2D', 131),
(787, '11:30:00', '2018-01-02', 150, '2D', 132),
(788, '13:50:00', '2018-01-02', 130, '2D', 135),
(789, '15:10:00', '2018-01-02', 130, '2D', 131),
(791, '16:40:00', '2018-01-02', 150, '3D', 134),
(792, '18:50:00', '2018-01-02', 220, '2D', 135),
(793, '20:10:00', '2018-01-02', 150, '2D', 132),
(794, '22:30:00', '2018-01-02', 150, '3D', 133),
(795, '08:30:00', '2018-01-03', 130, '2D', 131),
(796, '10:00:00', '2018-01-03', 150, '2D', 132),
(797, '12:20:00', '2018-01-03', 130, '2D', 135),
(798, '16:00:00', '2018-01-03', 130, '2D', 131),
(799, '17:30:00', '2018-01-03', 150, '2D', 132),
(800, '19:50:00', '2018-01-03', 220, '2D', 135),
(801, '21:10:00', '2018-01-03', 150, '3D', 133),
(802, '23:50:00', '2018-01-03', 150, '3D', 134),
(803, '09:00:00', '2018-01-04', 150, '2D', 132),
(804, '11:20:00', '2018-01-04', 150, '3D', 137),
(805, '12:40:00', '2018-01-04', 130, '2D', 131),
(806, '14:10:00', '2018-01-04', 130, '2D', 135),
(807, '15:30:00', '2018-01-04', 150, '2D', 132),
(809, '17:50:00', '2018-01-04', 150, '3D', 137),
(810, '19:10:00', '2018-01-04', 150, '3D', 134),
(811, '09:00:00', '2018-01-05', 150, '2D', 132),
(812, '11:20:00', '2018-01-05', 150, '3D', 137),
(813, '12:40:00', '2018-01-05', 130, '2D', 131),
(814, '14:10:00', '2018-01-05', 130, '2D', 135),
(815, '15:30:00', '2018-01-05', 150, '2D', 132),
(816, '17:50:00', '2018-01-05', 150, '3D', 137),
(817, '19:10:00', '2018-01-05', 150, '3D', 134),
(818, '09:00:00', '2018-01-06', 150, '2D', 132),
(819, '11:20:00', '2018-01-06', 150, '3D', 137),
(820, '12:40:00', '2018-01-06', 130, '2D', 131),
(821, '14:10:00', '2018-01-06', 130, '2D', 135),
(822, '15:30:00', '2018-01-06', 150, '2D', 132),
(823, '17:50:00', '2018-01-06', 150, '3D', 137),
(824, '19:10:00', '2018-01-06', 150, '3D', 134);

-- --------------------------------------------------------

--
-- Структура таблицы `users`
--

CREATE TABLE IF NOT EXISTS `users` (
  `id` int(11) NOT NULL AUTO_INCREMENT,
  `name` varchar(127) NOT NULL,
  `password` varchar(127) NOT NULL,
  PRIMARY KEY (`id`)
) ENGINE=InnoDB  DEFAULT CHARSET=utf8 AUTO_INCREMENT=3 ;

--
-- Дамп данных таблицы `users`
--

INSERT INTO `users` (`id`, `name`, `password`) VALUES
(2, 'admin', '415f9ac7ce6d53212d1d5b4957c819e8');

--
-- Ограничения внешнего ключа сохраненных таблиц
--

--
-- Ограничения внешнего ключа таблицы `sessions`
--
ALTER TABLE `sessions`
  ADD CONSTRAINT `sessions_ibfk_1` FOREIGN KEY (`film_id`) REFERENCES `current_films` (`id`) ON DELETE CASCADE;

/*!40101 SET CHARACTER_SET_CLIENT=@OLD_CHARACTER_SET_CLIENT */;
/*!40101 SET CHARACTER_SET_RESULTS=@OLD_CHARACTER_SET_RESULTS */;
/*!40101 SET COLLATION_CONNECTION=@OLD_COLLATION_CONNECTION */;
